City_ID,City,Lat,Lng,Max Temp,Humidity,Cloudiness,Wind Speed,Country,Weather Description,Date
0,Hilo,19.7297,-155.09,71.8,94,39,4.0,US,scattered clouds,2022-02-06 04:42:21
1,Butaritari,3.0707,172.7902,82.58,76,96,17.2,KI,light rain,2022-02-06 04:42:21
2,Hermanus,-34.4187,19.2345,71.91,79,79,7.18,ZA,broken clouds,2022-02-06 04:42:22
3,Wukari,7.85,9.7833,67.8,22,0,6.67,NG,clear sky,2022-02-06 04:42:22
4,Codrington,-38.2667,141.9667,75.06,50,43,19.57,AU,scattered clouds,2022-02-06 04:42:23
5,Mataura,-46.1927,168.8643,57.47,41,9,5.5,NZ,clear sky,2022-02-06 04:42:23
6,Grindavik,63.8424,-22.4338,31.95,74,75,19.57,IS,broken clouds,2022-02-06 04:42:23
7,Coihaique,-45.5752,-72.0662,53.55,82,0,4.61,CL,clear sky,2022-02-06 04:40:06
8,Taldan,53.6667,124.8,10.85,52,100,6.76,RU,overcast clouds,2022-02-06 04:42:24
9,Phek,25.6667,94.5,51.06,43,26,2.68,IN,scattered clouds,2022-02-06 04:42:25
10,Atuona,-9.8,-139.0333,78.57,79,45,23.6,PF,light rain,2022-02-06 04:42:25
11,Albany,42.6001,-73.9662,8.47,71,6,3.76,US,clear sky,2022-02-06 04:42:25
12,Qaanaaq,77.484,-69.3632,-1.93,97,100,2.3,GL,overcast clouds,2022-02-06 04:42:26
13,Traralgon,-38.1833,146.5333,79.84,38,0,9.57,AU,clear sky,2022-02-06 04:42:26
14,Ushuaia,-54.8,-68.3,49.66,71,20,12.66,AR,few clouds,2022-02-06 04:39:04
15,New Norfolk,-42.7826,147.0587,77.67,32,0,3.0,AU,clear sky,2022-02-06 04:42:27
16,Bluff,-46.6,168.3333,57.79,58,6,12.97,NZ,clear sky,2022-02-06 04:42:28
17,Busselton,-33.65,115.3333,76.05,58,88,13.47,AU,overcast clouds,2022-02-06 04:42:28
18,Upernavik,72.7868,-56.1549,-1.97,97,100,4.27,GL,overcast clouds,2022-02-06 04:42:28
19,Popondetta,-8.7537,148.2534,87.48,65,100,5.03,PG,overcast clouds,2022-02-06 04:42:29
20,Bredasdorp,-34.5322,20.0403,69.28,88,71,4.61,ZA,broken clouds,2022-02-06 04:42:29
21,Chokurdakh,70.6333,147.9167,-33.32,100,100,2.64,RU,overcast clouds,2022-02-06 04:42:30
22,Ogre,56.8162,24.614,33.53,97,99,9.6,LV,overcast clouds,2022-02-06 04:42:30
23,Yekaterinovka,52.0508,44.3451,-4.11,100,100,5.08,RU,overcast clouds,2022-02-06 04:42:30
24,Kota Kinabalu,5.9749,116.0724,87.78,74,20,4.61,MY,few clouds,2022-02-06 04:42:31
25,Hithadhoo,-0.6,73.0833,82.13,73,5,10.29,MV,clear sky,2022-02-06 04:42:31
26,Fortuna,40.5982,-124.1573,44.94,95,0,8.05,US,clear sky,2022-02-06 04:42:32
27,Barrow,71.2906,-156.7887,-21.98,69,0,9.22,US,clear sky,2022-02-06 04:42:32
28,Hobart,-42.8794,147.3294,78.03,36,20,17.27,AU,few clouds,2022-02-06 04:42:32
29,Cape Town,-33.9258,18.4232,72.12,88,0,2.3,ZA,clear sky,2022-02-06 04:39:04
30,Punta Arenas,-53.15,-70.9167,50.11,66,40,8.05,CL,scattered clouds,2022-02-06 04:40:16
31,Mar Del Plata,-38.0023,-57.5575,60.1,86,75,11.01,AR,broken clouds,2022-02-06 04:40:53
32,Arman,59.7,150.1667,10.06,76,21,9.55,RU,few clouds,2022-02-06 04:42:33
33,Ponta Do Sol,32.6667,-17.1,66.13,53,56,13.47,PT,broken clouds,2022-02-06 04:42:34
34,Biltine,14.5333,20.9167,58.33,18,22,15.57,TD,few clouds,2022-02-06 04:42:34
35,Arlit,18.7369,7.3853,57.56,19,0,9.33,NE,clear sky,2022-02-06 04:42:34
36,Tuatapere,-46.1333,167.6833,57.81,49,20,8.23,NZ,few clouds,2022-02-06 04:42:35
37,Webuye,0.6075,34.7697,64.0,72,97,2.86,KE,overcast clouds,2022-02-06 04:42:35
38,Flinders,-34.5833,150.8552,74.21,71,90,15.39,AU,overcast clouds,2022-02-06 04:42:36
39,Atasu,48.6814,71.6433,17.56,67,19,21.36,KZ,few clouds,2022-02-06 04:42:36
40,Bengkulu,-3.8004,102.2655,77.02,86,100,11.59,ID,overcast clouds,2022-02-06 04:42:37
41,Luderitz,-26.6481,15.1594,66.25,82,87,3.47,NA,overcast clouds,2022-02-06 04:42:37
42,Lebu,-37.6167,-73.65,57.02,89,0,14.27,CL,clear sky,2022-02-06 04:42:38
43,Thompson,55.7435,-97.8558,-27.24,75,20,0.0,CA,few clouds,2022-02-06 04:42:15
44,Castro,-24.7911,-50.0119,62.64,98,98,3.8,BR,light rain,2022-02-06 04:42:39
45,Rikitea,-23.1203,-134.9692,79.3,70,83,15.61,PF,broken clouds,2022-02-06 04:43:39
46,Moyo,3.6609,31.7247,71.06,23,100,3.4,UG,overcast clouds,2022-02-06 04:43:40
47,Pueblo Nuevo,23.3833,-105.3833,46.33,68,56,3.76,MX,broken clouds,2022-02-06 04:43:40
48,Caravelas,-17.7125,-39.2481,73.96,93,12,3.78,BR,few clouds,2022-02-06 04:43:41
49,Banda Aceh,5.5577,95.3222,85.6,61,89,1.66,ID,overcast clouds,2022-02-06 04:43:41
50,Savinskiy,62.9342,40.1361,6.48,95,69,5.41,RU,broken clouds,2022-02-06 04:43:42
51,Mahebourg,-20.4081,57.7,82.26,83,75,13.8,MU,broken clouds,2022-02-06 04:43:42
52,Port Alfred,-33.5906,26.891,71.78,85,35,23.94,ZA,scattered clouds,2022-02-06 04:43:42
53,Esperance,-33.8667,121.9,103.84,34,14,9.78,AU,few clouds,2022-02-06 04:43:43
54,Vaini,-21.2,-175.2,77.16,94,100,13.8,TO,light rain,2022-02-06 04:43:43
55,Cameron Park,38.6688,-120.9872,51.8,72,0,1.01,US,clear sky,2022-02-06 04:43:08
56,San Cristobal,7.7669,-72.225,69.98,91,28,2.57,VE,scattered clouds,2022-02-06 04:43:44
57,Blackwater,-23.5833,148.8833,87.91,29,31,10.65,AU,scattered clouds,2022-02-06 04:43:44
58,Ninghai,29.2892,121.4247,47.73,53,96,4.16,CN,overcast clouds,2022-02-06 04:43:45
59,Iqaluit,63.7506,-68.5145,-36.31,73,0,5.99,CA,clear sky,2022-02-06 04:43:45
60,Leningradskiy,69.3833,178.4167,-22.34,97,13,3.51,RU,few clouds,2022-02-06 04:43:45
61,Jamestown,42.097,-79.2353,14.72,63,0,5.75,US,clear sky,2022-02-06 04:43:46
62,Naze,28.3667,129.4833,54.52,62,98,14.25,JP,overcast clouds,2022-02-06 04:43:46
63,Loa Janan,-0.583,117.095,91.0,50,100,5.95,ID,overcast clouds,2022-02-06 04:43:47
64,Avarua,-21.2078,-159.775,80.65,83,20,14.97,CK,few clouds,2022-02-06 04:41:18
65,Havre-Saint-Pierre,50.2334,-63.5986,3.79,55,0,5.75,CA,clear sky,2022-02-06 04:43:47
66,Ngunguru,-35.6167,174.5,75.16,95,100,6.76,NZ,light rain,2022-02-06 04:43:48
67,Vila Franca Do Campo,37.7167,-25.4333,60.19,86,81,15.21,PT,broken clouds,2022-02-06 04:43:48
68,Saldanha,-33.0117,17.9442,59.05,77,68,6.22,ZA,broken clouds,2022-02-06 04:43:49
69,Cenotillo,20.9667,-88.6167,66.94,97,67,4.81,MX,broken clouds,2022-02-06 04:43:49
70,Kavieng,-2.5744,150.7967,83.5,74,100,9.93,PG,light rain,2022-02-06 04:43:49
71,Sinnamary,5.3833,-52.95,76.71,88,100,7.99,GF,overcast clouds,2022-02-06 04:43:50
72,Saint George,37.1041,-113.5841,45.79,31,0,4.0,US,clear sky,2022-02-06 04:43:50
73,Souillac,-20.5167,57.5167,82.36,83,75,13.8,MU,broken clouds,2022-02-06 04:43:51
74,Pevek,69.7008,170.3133,-26.7,99,27,2.44,RU,scattered clouds,2022-02-06 04:43:51
75,Vikhorevka,56.1201,101.1636,20.79,89,100,9.66,RU,overcast clouds,2022-02-06 04:43:52
76,Norman Wells,65.282,-126.8329,-25.56,68,20,2.3,CA,few clouds,2022-02-06 04:43:52
77,Pauini,-7.7136,-66.9764,70.84,99,97,2.01,BR,overcast clouds,2022-02-06 04:43:53
78,Bethel,41.3712,-73.414,18.48,66,0,5.75,US,clear sky,2022-02-06 04:43:53
79,Primorsko-Akhtarsk,46.0497,38.1747,38.26,95,100,14.05,RU,light rain,2022-02-06 04:43:53
80,Kruisfontein,-34.0033,24.7314,65.88,85,19,8.23,ZA,few clouds,2022-02-06 04:43:54
81,Kodiak,57.79,-152.4072,38.71,87,100,12.66,US,moderate rain,2022-02-06 04:43:54
82,Newala,-10.9431,39.2787,66.96,95,100,3.83,TZ,light rain,2022-02-06 04:43:55
83,Sao Gabriel Da Cachoeira,-0.1303,-67.0892,72.03,97,98,0.89,BR,overcast clouds,2022-02-06 04:43:55
84,Tiksi,71.6872,128.8694,-23.1,98,98,5.59,RU,overcast clouds,2022-02-06 04:43:55
85,Klaksvik,62.2266,-6.589,32.92,67,100,23.51,FO,overcast clouds,2022-02-06 04:43:56
86,Fort Smith,35.3859,-94.3986,36.19,90,0,8.05,US,clear sky,2022-02-06 04:40:01
87,Nabire,-3.3667,135.4833,85.17,66,100,7.05,ID,overcast clouds,2022-02-06 04:43:56
88,Los Llanos De Aridane,28.6585,-17.9182,64.13,31,0,11.01,ES,clear sky,2022-02-06 04:43:57
89,Rio Grande,-32.035,-52.0986,68.95,81,1,14.05,BR,clear sky,2022-02-06 04:40:45
90,Komsomolskiy,40.4272,71.7189,43.52,26,100,9.22,UZ,overcast clouds,2022-02-06 04:44:57
91,Saint-Philippe,-21.3585,55.7679,83.79,82,100,20.0,RE,light rain,2022-02-06 04:44:58
92,Makakilo City,21.3469,-158.0858,75.56,68,20,8.05,US,few clouds,2022-02-06 04:44:58
93,Wasilla,61.5814,-149.4394,30.4,78,100,0.0,US,overcast clouds,2022-02-06 04:44:26
94,Carnarvon,-24.8667,113.6333,84.27,65,75,16.11,AU,broken clouds,2022-02-06 04:44:59
95,Puerto Ayora,-0.7393,-90.3518,75.54,92,28,1.99,EC,scattered clouds,2022-02-06 04:44:59
96,Rabapatona,47.6322,17.48,35.1,86,53,11.16,HU,broken clouds,2022-02-06 04:45:00
97,Tasiilaq,65.6145,-37.6368,17.76,62,97,6.24,GL,overcast clouds,2022-02-06 04:45:00
98,Cangzhou,38.3167,116.8667,37.31,23,87,2.89,CN,overcast clouds,2022-02-06 04:45:01
99,Berkak,62.825,10.0118,25.79,78,89,11.21,NO,overcast clouds,2022-02-06 04:45:01
100,Yellowknife,62.456,-114.3525,-19.68,76,0,6.91,CA,clear sky,2022-02-06 04:41:40
101,Hasaki,35.7333,140.8333,48.29,27,14,15.77,JP,few clouds,2022-02-06 04:45:01
102,Chara,56.9064,118.2631,-6.54,89,3,1.52,RU,clear sky,2022-02-06 04:45:02
103,Gat,31.61,34.7642,53.4,100,64,5.48,IL,broken clouds,2022-02-06 04:45:02
104,Varnavino,57.4035,45.0916,2.95,100,99,2.93,RU,overcast clouds,2022-02-06 04:45:03
105,Saskylakh,71.9167,114.0833,-26.21,100,98,2.86,RU,overcast clouds,2022-02-06 04:45:03
106,Kurtamysh,54.9103,64.4319,14.63,86,100,8.19,RU,overcast clouds,2022-02-06 04:45:04
107,Ola,59.5833,151.2833,10.81,74,24,9.62,RU,few clouds,2022-02-06 04:45:04
108,Tadine,-21.55,167.8833,83.89,76,39,11.32,NC,scattered clouds,2022-02-06 04:45:04
109,Clyde River,70.4692,-68.5914,-30.77,75,20,3.44,CA,few clouds,2022-02-06 04:41:11
110,Katsuura,35.1333,140.3,46.11,29,49,5.91,JP,scattered clouds,2022-02-06 04:44:11
111,Pervomayskoye,43.919,46.7102,30.42,68,5,8.77,RU,clear sky,2022-02-06 04:45:05
112,Dikson,73.5069,80.5464,-22.31,100,99,4.85,RU,overcast clouds,2022-02-06 04:45:06
113,Te Anau,-45.4167,167.7167,65.25,41,0,5.48,NZ,clear sky,2022-02-06 04:45:06
114,Itarema,-2.9248,-39.9167,77.0,89,10,8.39,BR,clear sky,2022-02-06 04:44:22
115,Saint Anthony,45.0205,-93.218,25.03,81,0,1.01,US,clear sky,2022-02-06 04:45:07
116,Ribeira Grande,38.5167,-28.7,59.63,76,6,11.03,PT,clear sky,2022-02-06 04:45:07
117,Voh,-20.9667,164.7,78.3,89,100,4.45,NC,moderate rain,2022-02-06 04:45:08
118,Murray Bridge,-35.1167,139.2667,91.31,19,49,12.57,AU,scattered clouds,2022-02-06 04:45:08
119,Airai,-8.9266,125.4092,72.66,70,65,3.06,TL,broken clouds,2022-02-06 04:45:08
120,Talnakh,69.4865,88.3972,-18.96,99,99,1.28,RU,overcast clouds,2022-02-06 04:45:09
121,Ilulissat,69.2167,-51.1,1.42,51,100,13.8,GL,overcast clouds,2022-02-06 04:45:10
122,Hervey Bay,-25.2986,152.8535,82.51,60,48,24.99,AU,light rain,2022-02-06 04:45:10
123,Port Hardy,50.6996,-127.4199,42.98,87,100,2.3,CA,overcast clouds,2022-02-06 04:42:21
124,Hirara,24.8,125.2833,64.67,59,75,18.41,JP,broken clouds,2022-02-06 04:45:11
125,Faanui,-16.4833,-151.75,80.58,76,33,19.01,PF,moderate rain,2022-02-06 04:45:11
126,Roald,62.5833,6.1333,36.91,93,100,26.46,NO,snow,2022-02-06 04:45:12
127,Saint-Pierre,-21.3393,55.4781,83.88,70,0,5.75,RE,clear sky,2022-02-06 04:45:12
128,Cockburn Town,21.4612,-71.1419,76.01,66,0,18.05,TC,clear sky,2022-02-06 04:42:03
129,Tocopilla,-22.092,-70.1979,68.29,73,1,1.36,CL,clear sky,2022-02-06 04:45:13
130,Jaciara,-15.9653,-54.9683,72.36,93,100,2.08,BR,overcast clouds,2022-02-06 04:43:01
131,Acapulco,16.8634,-99.8901,75.6,68,0,5.84,MX,clear sky,2022-02-06 04:45:13
132,Kabanjahe,3.1001,98.4908,74.16,71,100,1.97,ID,overcast clouds,2022-02-06 04:45:13
133,Manitowoc,44.0667,-87.8001,18.46,64,0,1.99,US,clear sky,2022-02-06 04:45:14
134,Geraldton,-28.7667,114.6,81.01,57,100,19.57,AU,overcast clouds,2022-02-06 04:45:14
135,Sola,-13.8833,167.55,81.88,81,99,19.33,VU,heavy intensity rain,2022-02-06 04:46:15
136,Isangel,-19.55,169.2667,86.11,84,75,11.5,VU,broken clouds,2022-02-06 04:46:15
137,Khatanga,71.9667,102.5,-20.72,98,99,7.38,RU,overcast clouds,2022-02-06 04:46:16
138,Fresnillo,23.1667,-102.8833,55.85,58,24,9.35,MX,few clouds,2022-02-06 04:46:16
139,Lulea,65.5842,22.1547,26.67,93,100,11.5,SE,overcast clouds,2022-02-06 04:46:16
140,Praia,14.9215,-23.5087,68.54,77,0,16.11,CV,clear sky,2022-02-06 04:46:17
141,Narsaq,60.9167,-46.05,3.42,70,100,4.99,GL,overcast clouds,2022-02-06 04:46:17
142,Adrar,20.5022,-10.0711,61.27,9,0,9.22,MR,clear sky,2022-02-06 04:45:13
143,Puerto Colombia,10.9878,-74.9547,78.89,80,2,28.19,CO,clear sky,2022-02-06 04:46:18
144,Torbay,47.6666,-52.7314,35.76,96,100,9.22,CA,snow,2022-02-06 04:43:15
145,Auki,-8.7676,160.7034,84.47,73,66,8.95,SB,broken clouds,2022-02-06 04:46:18
146,Lorengau,-2.0226,147.2712,84.25,71,100,9.69,PG,overcast clouds,2022-02-06 04:46:19
147,San Luis,-33.295,-66.3356,56.43,59,0,3.98,AR,clear sky,2022-02-06 04:41:27
148,Vila Velha,-20.3297,-40.2925,75.94,85,0,4.61,BR,clear sky,2022-02-06 04:42:28
149,Turukhansk,65.8167,87.9833,-9.47,97,99,1.43,RU,overcast clouds,2022-02-06 04:46:20
150,Karratha,-20.7377,116.8463,94.08,49,47,16.53,AU,scattered clouds,2022-02-06 04:46:20
151,Libreville,0.3925,9.4537,76.77,90,33,7.49,GA,scattered clouds,2022-02-06 04:46:21
152,Touros,-5.1989,-35.4608,76.1,73,28,8.52,BR,scattered clouds,2022-02-06 04:46:21
153,Aksarka,66.5606,67.7975,-21.6,100,75,3.94,RU,broken clouds,2022-02-06 04:46:21
154,Ancud,-41.8697,-73.8203,56.73,89,79,2.82,CL,broken clouds,2022-02-06 04:46:22
155,Shieli,44.1667,66.75,36.16,78,100,16.71,KZ,overcast clouds,2022-02-06 04:46:22
156,Kingsville,27.5159,-97.8561,42.66,79,0,5.75,US,clear sky,2022-02-06 04:42:10
157,Kavaratti,10.5669,72.642,78.24,61,9,5.32,IN,clear sky,2022-02-06 04:46:23
158,Aldan,58.6031,125.3894,1.29,85,85,2.15,RU,overcast clouds,2022-02-06 04:46:23
159,Huarmey,-10.0681,-78.1522,70.21,85,86,7.63,PE,overcast clouds,2022-02-06 04:46:24
160,Pokhara,28.2333,83.9833,56.03,60,1,5.32,NP,clear sky,2022-02-06 04:46:24
161,Keti Bandar,24.1447,67.4497,72.79,53,0,6.55,PK,clear sky,2022-02-06 04:46:25
162,Malindi,-3.2175,40.1191,77.16,88,75,0.0,KE,broken clouds,2022-02-06 04:46:25
163,Zaokskiy,54.7306,37.4089,17.49,95,100,7.81,RU,snow,2022-02-06 04:46:26
164,Faya,18.3851,42.4509,48.72,65,0,4.21,SA,clear sky,2022-02-06 04:46:26
165,Padang,-0.9492,100.3543,87.85,79,100,1.01,ID,overcast clouds,2022-02-06 04:46:26
166,Puerto Lleras,3.0223,-73.4044,74.14,72,71,1.14,CO,broken clouds,2022-02-06 04:46:27
167,Eureka,40.8021,-124.1637,45.21,86,6,2.59,US,clear sky,2022-02-06 04:46:27
168,San Jose,37.3394,-121.895,56.57,63,0,0.0,US,clear sky,2022-02-06 04:45:09
169,Sisimiut,66.9395,-53.6735,0.45,95,100,6.87,GL,light snow,2022-02-06 04:46:28
170,Clyde,41.3042,-82.9752,15.19,84,12,9.15,US,few clouds,2022-02-06 04:42:05
171,Chuy,-33.6971,-53.4616,61.41,93,15,7.87,UY,few clouds,2022-02-06 04:46:28
172,Harper,4.375,-7.7169,77.54,87,29,5.44,LR,moderate rain,2022-02-06 04:46:29
173,Ostrovnoy,68.0531,39.5131,13.35,82,100,28.61,RU,overcast clouds,2022-02-06 04:46:29
174,Pocone,-16.2567,-56.6228,75.07,86,54,3.4,BR,broken clouds,2022-02-06 04:43:26
175,Nokaneng,-19.6667,22.2667,68.22,84,66,9.48,BW,broken clouds,2022-02-06 04:46:30
176,Cowra,-33.8333,148.6833,70.72,34,33,18.84,AU,scattered clouds,2022-02-06 04:46:30
177,Kolosovka,56.4678,73.611,9.34,84,100,8.03,RU,overcast clouds,2022-02-06 04:46:31
178,Nioki,-2.7167,17.6833,72.37,89,100,1.52,CD,overcast clouds,2022-02-06 04:46:31
179,Dauphin,51.1494,-100.0502,-3.86,77,100,6.91,CA,overcast clouds,2022-02-06 04:41:44
180,Tuktoyaktuk,69.4541,-133.0374,-31.0,68,0,11.5,CA,clear sky,2022-02-06 04:47:32
181,Rolla,37.9514,-91.7713,31.89,58,0,5.01,US,clear sky,2022-02-06 04:42:38
182,Liverpool,53.4106,-2.9779,49.14,93,100,8.99,GB,light rain,2022-02-06 04:42:37
183,Guerrero Negro,27.9769,-114.0611,60.21,57,0,9.91,MX,clear sky,2022-02-06 04:47:33
184,Yulara,-25.2406,130.9889,87.64,15,0,8.05,AU,clear sky,2022-02-06 04:47:33
185,Abnub,27.2696,31.1511,43.02,69,0,5.46,EG,clear sky,2022-02-06 04:47:34
186,Vardo,70.3705,31.1107,26.89,79,100,28.77,NO,overcast clouds,2022-02-06 04:47:34
187,Muros,42.7762,-9.0603,45.23,83,40,10.96,ES,scattered clouds,2022-02-06 04:45:04
188,Myre,69.1036,15.9492,33.75,77,94,22.26,NO,light snow,2022-02-06 04:47:35
189,Shingu,33.7333,135.9833,41.99,47,87,15.21,JP,overcast clouds,2022-02-06 04:47:35
190,Tifton,31.4505,-83.5085,44.22,83,75,0.0,US,broken clouds,2022-02-06 04:47:35
191,Raga,8.4596,25.678,63.86,19,100,6.98,SS,overcast clouds,2022-02-06 04:47:36
192,Santa Catarina De Tepehuanes,25.35,-105.7333,44.24,60,7,5.48,MX,clear sky,2022-02-06 04:47:36
193,Cap-Aux-Meules,47.3821,-61.8597,14.02,92,100,28.77,CA,overcast clouds,2022-02-06 04:44:02
194,Svetlyy,54.675,20.1347,37.45,93,100,21.63,RU,overcast clouds,2022-02-06 04:44:59
195,Mazyr,52.0495,29.2456,30.11,90,97,13.06,BY,overcast clouds,2022-02-06 04:47:37
196,Conceicao Do Araguaia,-8.2578,-49.2647,72.79,96,72,3.76,BR,broken clouds,2022-02-06 04:47:38
197,Port Elizabeth,-33.918,25.5701,68.09,88,0,13.8,ZA,clear sky,2022-02-06 04:43:03
198,Da Nang,16.0678,108.2208,76.98,65,75,2.3,VN,broken clouds,2022-02-06 04:47:38
199,Clinton,42.587,-82.9199,17.62,82,20,1.99,US,few clouds,2022-02-06 04:47:39
200,Asyut,27.181,31.1837,42.98,69,0,5.99,EG,clear sky,2022-02-06 04:47:39
201,Broome,42.2506,-75.833,3.97,68,17,1.01,US,few clouds,2022-02-06 04:47:39
202,Kahului,20.8947,-156.47,75.22,75,20,21.85,US,few clouds,2022-02-06 04:47:40
203,Polovinnoye,54.7914,65.9864,10.26,83,100,6.22,RU,overcast clouds,2022-02-06 04:47:40
204,Port-Cartier,50.0334,-66.8654,-5.58,80,1,10.6,CA,clear sky,2022-02-06 04:47:41
205,Husavik,66.0449,-17.3389,28.31,91,100,20.8,IS,snow,2022-02-06 04:47:41
206,Kandrian,-6.2167,149.55,88.72,61,100,7.65,PG,overcast clouds,2022-02-06 04:47:41
207,Kapaa,22.0752,-159.319,75.18,79,0,11.5,US,clear sky,2022-02-06 04:47:42
208,Sakakah,29.9697,40.2064,42.37,78,3,4.23,SA,clear sky,2022-02-06 04:47:42
209,Andenes,69.3143,16.1194,33.78,93,100,21.85,NO,light snow,2022-02-06 04:47:43
210,Kununurra,-15.7667,128.7333,89.58,62,46,4.61,AU,scattered clouds,2022-02-06 04:47:43
211,Tual,-5.6667,132.75,83.66,73,88,8.1,ID,overcast clouds,2022-02-06 04:47:43
212,West Chester,39.9607,-75.6055,21.56,75,0,0.0,US,clear sky,2022-02-06 04:43:35
213,Claveria,18.6074,121.0832,73.98,86,98,17.47,PH,overcast clouds,2022-02-06 04:47:44
214,Georgetown,5.4112,100.3354,89.53,73,20,1.01,MY,few clouds,2022-02-06 04:45:12
215,Pisco,-13.7,-76.2167,68.05,88,0,4.61,PE,clear sky,2022-02-06 04:47:25
216,Matara,5.9485,80.5353,85.33,54,55,7.07,LK,broken clouds,2022-02-06 04:47:45
217,Lethem,3.3803,-59.7968,76.48,81,100,10.8,GY,overcast clouds,2022-02-06 04:47:45
218,Sitka,57.0531,-135.33,42.69,81,100,24.16,US,moderate rain,2022-02-06 04:44:20
219,Nishihara,26.1842,127.7558,62.65,53,75,16.11,JP,broken clouds,2022-02-06 04:47:21
220,Victoria,22.2855,114.1577,66.38,72,100,1.01,HK,overcast clouds,2022-02-06 04:47:21
221,Nuuk,64.1835,-51.7216,5.61,85,100,0.0,GL,light shower snow,2022-02-06 04:47:46
222,Verkhoyansk,67.5447,133.385,-34.29,98,97,0.49,RU,overcast clouds,2022-02-06 04:47:47
223,Arraial Do Cabo,-22.9661,-42.0278,75.85,89,82,24.7,BR,broken clouds,2022-02-06 04:45:26
224,Aasiaat,68.7098,-52.8699,-9.47,94,100,8.93,GL,overcast clouds,2022-02-06 04:47:47
225,Magnitogorsk,53.4186,59.0472,7.63,85,75,11.18,RU,broken clouds,2022-02-06 04:47:48
226,Pacific Grove,36.6177,-121.9166,54.95,65,0,1.01,US,clear sky,2022-02-06 04:47:48
227,Srednekolymsk,67.45,153.6833,-30.98,98,17,0.81,RU,few clouds,2022-02-06 04:48:48
228,Abha,18.2164,42.5053,48.45,71,0,0.0,SA,clear sky,2022-02-06 04:48:49
229,Provideniya,64.3833,-173.3,-3.82,76,0,12.8,RU,clear sky,2022-02-06 04:48:49
230,Riyadh,24.6877,46.7219,51.85,40,0,0.0,SA,clear sky,2022-02-06 04:47:31
231,Delta,5.5,6.0,73.33,96,3,1.03,NG,clear sky,2022-02-06 04:45:22
232,Polunochnoye,60.8697,60.4153,4.68,96,100,5.57,RU,overcast clouds,2022-02-06 04:48:50
233,Zvishavane,-20.3267,30.0665,63.21,94,100,9.08,ZW,light rain,2022-02-06 04:48:50
234,Okahandja,-21.9833,16.9167,69.84,84,99,3.0,NA,overcast clouds,2022-02-06 04:48:51
235,Lompoc,34.6391,-120.4579,57.51,80,0,4.61,US,clear sky,2022-02-06 04:47:22
236,Pedro Juan Caballero,-22.5472,-55.7333,67.96,100,75,0.0,PY,light rain,2022-02-06 04:48:51
237,Akyab,20.15,92.9,75.9,41,100,8.14,MM,overcast clouds,2022-02-06 04:48:52
238,Basti,26.8,82.7167,61.45,62,0,5.19,IN,clear sky,2022-02-06 04:48:52
239,Krasnyy Kholm,58.0607,37.1203,9.12,96,98,8.39,RU,overcast clouds,2022-02-06 04:48:53
240,Borba,-4.3878,-59.5939,73.13,98,100,1.45,BR,light rain,2022-02-06 04:48:53
241,Tegh,39.5579,46.4772,19.6,54,8,5.44,AM,clear sky,2022-02-06 04:48:53
242,Karaidel,55.8337,56.9069,17.98,93,100,2.59,RU,overcast clouds,2022-02-06 04:48:54
243,Samarai,-10.6167,150.6667,85.03,73,100,10.6,PG,overcast clouds,2022-02-06 04:48:54
244,Le Port,-20.9373,55.2919,84.2,73,100,14.72,RE,light rain,2022-02-06 04:48:55
245,Jalu,29.0331,21.5482,52.45,53,0,7.74,LY,clear sky,2022-02-06 04:48:55
246,Margate,51.3813,1.3862,50.97,77,100,10.0,GB,overcast clouds,2022-02-06 04:48:55
247,Sterling,39.0062,-77.4286,26.46,72,0,0.0,US,clear sky,2022-02-06 04:48:56
248,Hlotse,-28.8718,28.045,58.33,85,11,2.15,LS,few clouds,2022-02-06 04:48:56
249,Solnechnyy,50.7214,136.6319,9.27,87,100,2.75,RU,overcast clouds,2022-02-06 04:48:57
250,Noumea,-22.2763,166.4572,85.98,82,56,7.81,NC,broken clouds,2022-02-06 04:48:57
251,San Policarpo,12.1791,125.5072,82.54,70,77,18.45,PH,broken clouds,2022-02-06 04:48:58
252,Namibe,-15.1961,12.1522,71.17,68,94,7.11,AO,overcast clouds,2022-02-06 04:48:58
253,Jaru,-10.4389,-62.4664,71.44,97,72,1.9,BR,broken clouds,2022-02-06 04:48:59
254,Stepnyak,52.8339,70.7803,9.75,68,52,7.14,KZ,broken clouds,2022-02-06 04:48:59
255,Mecca,21.4267,39.8261,63.23,32,0,3.33,SA,clear sky,2022-02-06 04:49:00
256,Bundaberg,-24.85,152.35,82.69,39,75,24.16,AU,broken clouds,2022-02-06 04:49:00
257,Tyrma,50.0833,132.1667,3.74,82,100,2.04,RU,overcast clouds,2022-02-06 04:49:00
258,Shimoda,34.6667,138.95,46.76,43,35,28.16,JP,scattered clouds,2022-02-06 04:48:32
259,Biak,-0.9131,122.8766,83.52,71,73,0.74,ID,broken clouds,2022-02-06 04:49:01
260,Rawson,-43.3002,-65.1023,59.72,57,75,12.1,AR,broken clouds,2022-02-06 04:49:01
261,Nikolskoye,59.7035,30.7861,26.87,97,99,5.06,RU,overcast clouds,2022-02-06 04:49:02
262,Half Moon Bay,37.4636,-122.4286,57.02,57,0,9.22,US,clear sky,2022-02-06 04:46:49
263,Lac Du Bonnet,50.2536,-96.0612,-3.12,100,100,3.56,CA,overcast clouds,2022-02-06 04:49:02
264,Cherskiy,68.75,161.3,-30.57,99,23,1.77,RU,few clouds,2022-02-06 04:49:03
265,Dingle,10.9995,122.6711,83.53,65,98,19.1,PH,overcast clouds,2022-02-06 04:49:03
266,Fukue,32.6881,128.8419,41.36,48,75,16.11,JP,broken clouds,2022-02-06 04:49:04
267,Wawa,9.9022,4.4192,69.89,27,0,4.94,NG,clear sky,2022-02-06 04:49:04
268,Bo Phloi,14.3236,99.5161,85.19,40,80,10.63,TH,broken clouds,2022-02-06 04:49:05
269,Itapirapua,-15.8233,-50.6133,73.26,93,100,2.21,BR,overcast clouds,2022-02-06 04:49:05
270,Chumikan,54.7183,135.315,6.19,67,95,10.6,RU,overcast clouds,2022-02-06 04:45:43
271,Belmonte,-15.8631,-38.8828,73.9,87,20,5.5,BR,few clouds,2022-02-06 04:49:05
272,Cayenne,4.9333,-52.3333,80.1,86,100,1.99,GF,overcast clouds,2022-02-06 04:50:06
273,Rafaela,-31.2503,-61.4867,62.98,73,9,4.0,AR,clear sky,2022-02-06 04:50:06
274,Sao Filipe,14.8961,-24.4956,71.64,74,0,8.95,CV,clear sky,2022-02-06 04:50:07
275,Den Helder,52.9599,4.7593,48.97,89,75,31.0,NL,broken clouds,2022-02-06 04:50:07
276,Cidreira,-30.1811,-50.2056,72.14,91,78,6.76,BR,broken clouds,2022-02-06 04:50:08
277,Antalaha,-14.9003,50.2788,82.02,64,82,1.45,MG,broken clouds,2022-02-06 04:50:08
278,Asau,46.4333,26.4,22.28,89,33,6.87,RO,scattered clouds,2022-02-06 04:50:08
279,Chicama,-7.8447,-79.1469,64.94,81,62,4.5,PE,broken clouds,2022-02-06 04:50:09
280,Oranjestad,12.524,-70.027,78.75,73,20,13.8,AW,few clouds,2022-02-06 04:48:01
281,Miguel Pereira,-22.4539,-43.4689,75.07,98,100,5.75,BR,overcast clouds,2022-02-06 04:50:09
282,Bandarban,22.1965,92.2262,71.31,30,0,4.09,BD,clear sky,2022-02-06 04:50:10
283,Conway,35.0887,-92.4421,31.8,72,75,4.61,US,broken clouds,2022-02-06 04:46:00
284,Grand Gaube,-20.0064,57.6608,82.38,76,100,7.0,MU,overcast clouds,2022-02-06 04:50:10
285,Kiunga,-6.1219,141.2906,93.18,45,93,3.98,PG,overcast clouds,2022-02-06 04:50:11
286,Axim,4.8699,-2.2405,77.95,88,18,5.75,GH,moderate rain,2022-02-06 04:50:11
287,San Patricio,28.017,-97.5169,44.82,68,0,4.5,US,clear sky,2022-02-06 04:50:12
288,Xichang,27.8964,102.2634,44.29,96,100,3.2,CN,overcast clouds,2022-02-06 04:50:12
289,Moerai,-22.4333,-151.3333,79.54,76,95,16.06,PF,light rain,2022-02-06 04:50:13
290,Neryungri,56.6709,124.6491,0.37,89,89,4.94,RU,overcast clouds,2022-02-06 04:50:13
291,Maiduguri,11.8464,13.1603,60.13,51,0,7.34,NG,clear sky,2022-02-06 04:50:14
292,Kendari,-3.945,122.4989,84.6,69,92,7.87,ID,overcast clouds,2022-02-06 04:50:14
293,Nantucket,41.2835,-70.0995,24.91,57,0,18.41,US,clear sky,2022-02-06 04:45:23
294,Nemuro,43.3236,145.575,27.03,63,99,24.58,JP,overcast clouds,2022-02-06 04:50:15
295,Sobolevo,54.4299,31.8996,30.58,92,97,11.16,RU,overcast clouds,2022-02-06 04:50:15
296,Sambava,-14.2667,50.1667,79.34,72,73,2.75,MG,broken clouds,2022-02-06 04:50:16
297,Lagoa,39.05,-27.9833,58.86,75,3,16.82,PT,clear sky,2022-02-06 04:50:16
298,Cabo San Lucas,22.8909,-109.9124,66.51,58,9,5.01,MX,clear sky,2022-02-06 04:45:25
299,Mulki,13.1,74.8,79.88,69,20,4.61,IN,few clouds,2022-02-06 04:46:28
300,Ambon,-3.6954,128.1814,89.74,62,40,4.61,ID,scattered clouds,2022-02-06 04:50:17
301,Batticaloa,7.7102,81.6924,81.18,57,85,8.16,LK,overcast clouds,2022-02-06 04:50:17
302,Morondava,-20.2833,44.2833,78.12,85,100,12.82,MG,light rain,2022-02-06 04:50:18
303,Nesna,66.1967,13.0213,31.66,76,100,15.97,NO,light snow,2022-02-06 04:50:18
304,Lazaro Cardenas,17.9583,-102.2,71.85,80,1,4.34,MX,clear sky,2022-02-06 04:50:18
305,Podgornoye,51.735,39.1496,14.22,92,100,8.95,RU,light snow,2022-02-06 04:50:19
306,Aykhal,66.0,111.5,-19.59,96,100,0.67,RU,overcast clouds,2022-02-06 04:50:19
307,Bay Roberts,47.5999,-53.2648,36.52,93,100,5.01,CA,overcast clouds,2022-02-06 04:50:20
308,Madimba,-10.4,40.3333,76.32,83,75,10.36,TZ,broken clouds,2022-02-06 04:50:20
309,Plettenberg Bay,-34.0527,23.3716,69.3,71,0,5.61,ZA,clear sky,2022-02-06 04:45:48
310,Shubarshi,48.5872,57.1869,27.32,96,100,9.26,KZ,light snow,2022-02-06 04:50:21
311,Cananeia,-25.0147,-47.9267,76.91,90,100,2.64,BR,overcast clouds,2022-02-06 04:50:22
312,Buraydah,26.326,43.975,43.25,52,0,4.5,SA,clear sky,2022-02-06 04:50:22
313,Syamzha,60.0158,41.0614,2.64,99,88,4.18,RU,overcast clouds,2022-02-06 04:50:22
314,Teknaf,20.8624,92.3058,74.95,37,71,9.44,BD,broken clouds,2022-02-06 04:50:23
315,Talas,38.6908,35.5538,18.27,86,20,4.61,TR,few clouds,2022-02-06 04:47:28
316,Grand Island,40.925,-98.342,37.29,47,20,0.0,US,few clouds,2022-02-06 04:49:22
317,Gotsu,35.0,132.2167,35.74,50,100,21.7,JP,overcast clouds,2022-02-06 04:51:24
318,Zhanaozen,43.3,52.8,29.05,78,82,12.84,KZ,broken clouds,2022-02-06 04:51:24
319,Lata,40.1629,-8.3327,48.06,68,0,5.48,PT,clear sky,2022-02-06 04:47:49
320,Severo-Kurilsk,50.6789,156.125,29.01,77,82,16.58,RU,broken clouds,2022-02-06 04:49:40
321,Billings,45.7833,-108.5007,36.28,75,40,13.8,US,scattered clouds,2022-02-06 04:51:25
322,Ust-Koksa,50.2696,85.6108,8.53,77,18,1.43,RU,few clouds,2022-02-06 04:51:25
323,Alofi,-19.0595,-169.9187,73.29,100,100,4.61,NU,overcast clouds,2022-02-06 04:51:25
324,Bogorodsk,56.1033,43.5158,6.15,100,100,3.78,RU,overcast clouds,2022-02-06 04:51:26
325,Qasigiannguit,68.8193,-51.1922,-15.56,77,99,6.51,GL,overcast clouds,2022-02-06 04:51:26
326,Ortigueira,-24.2083,-50.9494,64.92,99,99,1.57,BR,overcast clouds,2022-02-06 04:51:27
327,Alyangula,-13.8483,136.4192,76.87,94,75,9.22,AU,broken clouds,2022-02-06 04:51:27
328,Otavi,-19.65,17.3333,63.54,94,100,4.12,NA,moderate rain,2022-02-06 04:51:27
329,Krasnoselkup,65.7,82.4667,-5.8,99,93,4.76,RU,overcast clouds,2022-02-06 04:51:28
330,Mikkeli,61.6886,27.2723,26.71,86,100,5.75,FI,overcast clouds,2022-02-06 04:51:29
331,Aburi,5.8472,-0.1775,76.71,80,3,3.11,GH,clear sky,2022-02-06 04:51:29
332,Ulaangom,49.9811,92.0667,-18.18,97,96,3.15,MN,overcast clouds,2022-02-06 04:51:30
333,Ndago,-4.6,34.35,62.44,90,99,0.87,TZ,overcast clouds,2022-02-06 04:51:30
334,Sinjai,-5.1241,120.253,85.6,68,88,7.63,ID,light rain,2022-02-06 04:51:30
335,Kidal,18.4411,1.4078,57.61,18,0,10.27,ML,clear sky,2022-02-06 04:51:31
336,Bathurst,-33.4166,149.5806,68.97,58,59,3.0,AU,broken clouds,2022-02-06 04:51:31
337,Salalah,17.0151,54.0924,75.04,65,19,3.71,OM,few clouds,2022-02-06 04:51:32
338,Leh,34.1667,77.5833,7.36,78,99,1.81,IN,overcast clouds,2022-02-06 04:51:32
339,Loandjili,-4.7561,11.8578,75.31,94,20,3.44,CG,few clouds,2022-02-06 04:51:33
340,Goulburn,-34.75,149.7167,68.16,53,86,15.95,AU,overcast clouds,2022-02-06 04:51:33
341,At-Bashi,41.1702,75.8106,16.3,60,94,0.63,KG,overcast clouds,2022-02-06 04:51:34
342,Murygino,58.7383,49.4582,13.71,97,100,4.7,RU,overcast clouds,2022-02-06 04:51:34
343,Lubango,-14.9172,13.4925,57.78,47,90,2.75,AO,overcast clouds,2022-02-06 04:51:35
344,Sao Joao Da Barra,-21.6403,-41.0511,75.69,88,1,18.37,BR,clear sky,2022-02-06 04:51:35
345,Mandera,3.9366,41.867,76.33,71,72,8.7,KE,broken clouds,2022-02-06 04:51:35
346,Hualmay,-11.0964,-77.6139,69.24,85,97,8.46,PE,overcast clouds,2022-02-06 04:51:03
347,Gogrial,8.5332,28.1004,65.53,21,85,6.64,SS,overcast clouds,2022-02-06 04:51:36
348,Nanortalik,60.1432,-45.2371,9.88,59,100,13.78,GL,overcast clouds,2022-02-06 04:51:36
349,Novyy Urengoy,66.0833,76.6333,-17.97,100,100,5.41,RU,overcast clouds,2022-02-06 04:51:37
350,Palmer,42.1584,-72.3287,15.48,57,0,10.36,US,clear sky,2022-02-06 04:51:37
351,Jacareacanga,-6.2222,-57.7528,72.95,99,100,0.51,BR,moderate rain,2022-02-06 04:51:38
352,Ferkessedougou,9.6,-5.2,68.72,18,4,5.59,CI,clear sky,2022-02-06 04:51:38
353,Tebingtinggi,3.3285,99.1625,87.85,77,100,2.39,ID,overcast clouds,2022-02-06 04:51:39
354,The Valley,18.217,-63.0578,77.09,76,71,22.17,AI,broken clouds,2022-02-06 04:51:39
355,Hobyo,5.3505,48.5268,77.95,64,14,14.97,SO,few clouds,2022-02-06 04:51:39
356,Korla,41.7597,86.1469,27.99,37,98,10.38,CN,overcast clouds,2022-02-06 04:51:40
357,Henderson,36.0397,-114.9819,57.81,26,0,0.0,US,clear sky,2022-02-06 04:48:41
358,Thunder Bay,48.4001,-89.3168,17.29,88,100,4.61,CA,overcast clouds,2022-02-06 04:51:41
359,Coquimbo,-29.9533,-71.3436,62.33,88,100,0.0,CL,overcast clouds,2022-02-06 04:52:41
360,Maragogi,-9.0122,-35.2225,76.73,77,69,5.41,BR,broken clouds,2022-02-06 04:52:42
361,Bonfim,3.0833,-59.95,77.85,76,100,7.16,BR,overcast clouds,2022-02-06 04:51:13
362,Fallon,39.4735,-118.7774,34.45,51,0,4.61,US,clear sky,2022-02-06 04:52:42
363,Manokwari,-0.8667,134.0833,83.61,68,100,6.91,ID,overcast clouds,2022-02-06 04:51:53
364,Nakamura,32.9833,132.9333,43.03,38,30,12.75,JP,scattered clouds,2022-02-06 04:52:43
365,Okhotsk,59.3833,143.3,3.31,68,34,13.47,RU,scattered clouds,2022-02-06 04:52:43
366,Fond Du Lac,43.775,-88.4388,18.48,57,0,17.27,US,clear sky,2022-02-06 04:48:09
367,Baft,29.234,56.6057,39.09,67,3,1.34,IR,clear sky,2022-02-06 04:52:44
368,Amantea,39.1332,16.0746,53.65,82,91,4.05,IT,overcast clouds,2022-02-06 04:52:44
369,Cerano,20.1167,-101.3833,53.42,51,39,4.54,MX,scattered clouds,2022-02-06 04:52:45
370,Broken Hill,-31.95,141.4333,83.91,23,75,19.57,AU,broken clouds,2022-02-06 04:52:45
371,Shelburne,44.0787,-80.2041,13.28,81,93,12.21,CA,overcast clouds,2022-02-06 04:52:46
372,Gavle,60.6745,17.1417,42.73,92,100,7.0,SE,overcast clouds,2022-02-06 04:52:46
373,Necochea,-38.5473,-58.7368,59.04,82,100,21.39,AR,light rain,2022-02-06 04:52:47
374,Coban,15.4833,-90.3667,56.07,100,100,3.27,GT,overcast clouds,2022-02-06 04:52:47
375,Beringovskiy,63.05,179.3167,-12.39,95,66,12.3,RU,broken clouds,2022-02-06 04:52:47
376,West Wendover,40.7391,-114.0733,34.95,48,40,5.53,US,scattered clouds,2022-02-06 04:52:48
377,Dutlwe,-23.9833,23.9,69.51,70,35,14.94,BW,scattered clouds,2022-02-06 04:52:48
378,Ahar,38.4774,47.0699,15.44,77,9,6.44,IR,clear sky,2022-02-06 04:52:49
379,Kandete,-9.15,33.8,62.08,83,100,1.34,TZ,overcast clouds,2022-02-06 04:52:49
380,Santa Maria,-29.6842,-53.8069,66.79,62,31,6.38,BR,scattered clouds,2022-02-06 04:52:49
381,Tautira,-17.7333,-149.15,86.0,75,52,19.39,PF,light rain,2022-02-06 04:52:50
382,Kaputa,-8.4689,29.6619,67.89,86,100,2.01,ZM,overcast clouds,2022-02-06 04:52:50
383,Palu,-0.8917,119.8707,88.68,62,100,3.44,ID,overcast clouds,2022-02-06 04:52:50
384,Porto Velho,-8.7619,-63.9039,75.25,94,0,0.0,BR,clear sky,2022-02-06 04:52:51
385,Quatre Cocos,-20.2078,57.7625,82.09,77,100,14.38,MU,overcast clouds,2022-02-06 04:52:51
386,Chabahar,25.2919,60.643,72.79,71,0,2.21,IR,clear sky,2022-02-06 04:52:52
387,Ico,-6.4011,-38.8622,73.58,84,71,5.01,BR,broken clouds,2022-02-06 04:52:18
388,Namatanai,-3.6667,152.4333,86.0,63,60,11.9,PG,broken clouds,2022-02-06 04:52:52
389,Bowen,-20.0167,148.2333,80.82,62,28,19.28,AU,scattered clouds,2022-02-06 04:52:53
390,Nizhnevartovsk,60.9344,76.5531,17.62,86,100,11.18,RU,overcast clouds,2022-02-06 04:52:53
391,Potiskum,11.7091,11.0694,56.61,37,0,8.75,NG,clear sky,2022-02-06 04:52:53
392,Bathsheba,13.2167,-59.5167,77.61,73,40,11.5,BB,scattered clouds,2022-02-06 04:52:54
393,Ipixuna,-1.7625,-48.8043,76.95,98,100,2.62,BR,overcast clouds,2022-02-06 04:52:54
394,Waddan,29.1614,16.139,53.51,27,89,5.5,LY,overcast clouds,2022-02-06 04:52:55
395,Tupik,54.4253,119.9327,5.22,74,68,2.62,RU,broken clouds,2022-02-06 04:52:55
396,Zharkent,44.1628,80.0,33.28,27,0,4.94,KZ,clear sky,2022-02-06 04:52:56
397,San Vicente,-26.6167,-54.1333,62.89,98,65,1.12,AR,broken clouds,2022-02-06 04:52:56
398,Foki,56.693,54.3499,16.88,95,98,4.41,RU,overcast clouds,2022-02-06 04:52:57
399,Bani Walid,31.7566,13.9942,54.32,35,100,2.55,LY,overcast clouds,2022-02-06 04:52:57
400,Pihuamo,19.2499,-103.3828,62.15,73,5,3.09,MX,clear sky,2022-02-06 04:52:58
401,Mastic Beach,40.7668,-72.8521,21.04,55,0,3.0,US,clear sky,2022-02-06 04:52:58
402,Taoudenni,22.6783,-3.9836,63.79,13,98,9.89,ML,overcast clouds,2022-02-06 04:53:58
403,Kerchevskiy,59.946,56.2884,9.05,93,30,4.7,RU,scattered clouds,2022-02-06 04:53:59
404,Umm Kaddadah,13.6017,26.6876,51.55,31,78,17.22,SD,broken clouds,2022-02-06 04:53:59
405,Saint-Augustin,51.226,-58.6502,2.41,80,100,18.79,CA,overcast clouds,2022-02-06 04:54:00
406,Mehamn,71.0357,27.8492,23.4,85,76,20.94,NO,broken clouds,2022-02-06 04:54:00
407,Kaitangata,-46.2817,169.8464,54.93,58,27,7.05,NZ,scattered clouds,2022-02-06 04:54:00
408,Agadez,19.75,10.25,50.67,29,0,2.26,NE,clear sky,2022-02-06 04:54:01
409,Kirensk,57.7853,108.1119,21.92,86,100,11.14,RU,light snow,2022-02-06 04:54:01
410,La Asuncion,11.0333,-63.8628,85.73,66,3,8.05,VE,clear sky,2022-02-06 04:54:02
411,Sidrolandia,-20.9319,-54.9614,74.19,93,100,0.83,BR,light rain,2022-02-06 04:54:02
412,Pangkalanbuun,-2.6833,111.6167,93.79,46,100,4.0,ID,moderate rain,2022-02-06 04:54:02
413,Udachnyy,66.4167,112.4,-17.55,82,95,1.83,RU,overcast clouds,2022-02-06 04:54:03
414,Kampong Thum,12.7111,104.8887,91.4,34,20,10.47,KH,few clouds,2022-02-06 04:54:03
415,Punto Fijo,11.6956,-70.1996,77.0,76,2,14.7,VE,clear sky,2022-02-06 04:54:04
416,Nouadhibou,20.931,-17.0347,64.31,83,0,15.73,MR,clear sky,2022-02-06 04:54:04
417,Xining,36.6167,101.7667,17.13,64,100,3.33,CN,overcast clouds,2022-02-06 04:54:04
418,Belyy Yar,53.6039,91.3903,-0.51,85,63,0.0,RU,mist,2022-02-06 04:54:05
419,Constitucion,-35.3333,-72.4167,62.22,61,0,6.6,CL,clear sky,2022-02-06 04:54:05
420,Ahipara,-35.1667,173.1667,71.15,97,100,3.09,NZ,moderate rain,2022-02-06 04:54:06
421,Uige,-7.6087,15.0613,63.32,98,61,2.46,AO,broken clouds,2022-02-06 04:54:06
422,Nyurba,63.2842,118.3319,-1.52,95,100,4.34,RU,overcast clouds,2022-02-06 04:54:07
423,Markova,48.6758,24.4138,27.99,87,70,7.78,UA,broken clouds,2022-02-06 04:54:07
424,Krasnokamensk,50.0979,118.0369,8.8,74,100,4.38,RU,overcast clouds,2022-02-06 04:54:07
425,Kirakira,-10.4544,161.9205,84.61,75,95,7.67,SB,overcast clouds,2022-02-06 04:54:08
426,Menomonie,44.8755,-91.9193,25.39,68,89,3.44,US,overcast clouds,2022-02-06 04:54:08
427,Mardin,37.3131,40.7436,28.99,52,66,5.46,TR,broken clouds,2022-02-06 04:54:09
428,Bonavista,48.6499,-53.1147,30.11,96,100,26.04,CA,snow,2022-02-06 04:54:09
429,Henties Bay,-22.116,14.2845,66.85,79,97,4.52,NA,overcast clouds,2022-02-06 04:54:10
430,Nueva Gerona,21.8833,-82.8,74.88,66,20,15.97,CU,few clouds,2022-02-06 04:54:10
431,Kenai,60.5544,-151.2583,28.49,93,100,13.8,US,overcast clouds,2022-02-06 04:51:56
432,Wanning,18.8003,110.3967,72.18,74,97,12.06,CN,overcast clouds,2022-02-06 04:54:11
433,Bambanglipuro,-7.95,110.2833,74.61,68,71,3.91,ID,broken clouds,2022-02-06 04:54:11
434,Coxim,-18.5067,-54.76,74.86,90,91,0.87,BR,overcast clouds,2022-02-06 04:52:19
435,Levelland,33.5873,-102.378,32.2,47,0,9.06,US,clear sky,2022-02-06 04:53:32
436,Portland,45.5234,-122.6762,44.94,91,59,1.01,US,broken clouds,2022-02-06 04:53:48
437,Yeppoon,-23.1333,150.7333,85.78,61,22,23.35,AU,few clouds,2022-02-06 04:54:12
438,Mwinilunga,-11.7358,24.4293,60.31,98,100,3.31,ZM,overcast clouds,2022-02-06 04:54:12
439,Beloha,-25.1667,45.05,75.09,90,100,23.15,MG,light rain,2022-02-06 04:54:13
440,La Ronge,55.1001,-105.2842,-3.75,71,100,1.14,CA,overcast clouds,2022-02-06 04:54:13
441,Goldap,54.3063,22.3036,32.56,90,100,14.58,PL,overcast clouds,2022-02-06 04:52:27
442,Rocky Mountain House,52.3668,-114.9188,28.83,54,98,5.75,CA,overcast clouds,2022-02-06 04:54:14
443,Whitehorse,60.7161,-135.0538,29.17,94,100,17.0,CA,light snow,2022-02-06 04:51:39
444,Caucaia,-3.7361,-38.6531,81.03,73,40,3.44,BR,scattered clouds,2022-02-06 04:54:14
445,Laguna,38.421,-121.4238,54.1,75,0,6.91,US,clear sky,2022-02-06 04:54:15
446,Maposeni,-10.5833,35.4,68.95,93,100,1.77,TZ,overcast clouds,2022-02-06 04:54:15
447,East London,-33.0153,27.9116,67.14,94,0,8.05,ZA,clear sky,2022-02-06 04:54:16
448,Sijunjung,-0.6876,100.9537,72.64,97,100,2.1,ID,overcast clouds,2022-02-06 04:55:16
449,Fonte Boa,-2.4959,-66.2662,72.03,99,100,0.6,BR,overcast clouds,2022-02-06 04:55:16
450,Mayya,61.7333,130.2811,-25.69,92,99,1.57,RU,overcast clouds,2022-02-06 04:55:17
451,Tacoronte,28.4769,-16.4102,61.18,44,0,7.0,ES,clear sky,2022-02-06 04:55:17
452,Sechura,-5.5569,-80.8222,70.27,84,43,7.96,PE,scattered clouds,2022-02-06 04:55:18
453,Pemangkat,1.1667,108.9667,82.26,78,48,6.69,ID,scattered clouds,2022-02-06 04:55:18
454,Graaff-Reinet,-32.2522,24.5308,61.92,91,2,1.72,ZA,clear sky,2022-02-06 04:55:19
455,Mineiros,-17.5694,-52.5511,68.72,92,96,2.26,BR,overcast clouds,2022-02-06 04:52:56
456,Esparta,15.7437,-87.1766,71.74,90,20,5.03,HN,few clouds,2022-02-06 04:55:19
457,Alice Springs,-23.7,133.8833,83.75,23,0,4.61,AU,clear sky,2022-02-06 04:55:19
458,Ternate,0.8,127.4,85.59,67,100,6.02,ID,overcast clouds,2022-02-06 04:55:20
459,Sulangan,11.1373,123.7228,81.3,73,100,14.41,PH,overcast clouds,2022-02-06 04:55:20
460,Mombetsu,44.3525,143.3525,27.86,59,75,14.97,JP,broken clouds,2022-02-06 04:55:21
461,Cordoba,-31.4135,-64.1811,62.76,79,0,3.0,AR,clear sky,2022-02-06 04:55:22
462,Zhangjiakou,40.81,114.8794,23.22,36,38,5.26,CN,light snow,2022-02-06 04:55:22
463,Port Augusta,-32.5,137.7667,92.71,15,91,10.27,AU,overcast clouds,2022-02-06 04:55:22
464,Porto Belo,-27.1578,-48.5531,77.25,90,100,3.78,BR,overcast clouds,2022-02-06 04:55:23
465,Pop,40.8736,71.1089,39.69,30,100,2.71,UZ,overcast clouds,2022-02-06 04:55:23
466,Atrauli,28.0333,78.2833,59.72,63,1,3.38,IN,clear sky,2022-02-06 04:55:23
467,Ascension,30.2169,-90.9001,36.07,88,0,0.0,US,clear sky,2022-02-06 04:55:24
468,Rio Gallegos,-51.6226,-69.2181,55.45,71,0,5.75,AR,clear sky,2022-02-06 04:51:30
469,Parrita,9.5201,-84.3225,80.37,68,12,4.63,CR,few clouds,2022-02-06 04:55:24
470,Kovdor,67.5662,30.4758,16.03,89,100,7.52,RU,overcast clouds,2022-02-06 04:55:25
471,Lavrentiya,65.5833,-171.0,-17.21,94,28,10.76,RU,scattered clouds,2022-02-06 04:55:25
472,Acarau,-2.8856,-40.12,77.32,88,10,8.9,BR,clear sky,2022-02-06 04:55:26
473,La Palma,33.8464,-118.0467,63.48,49,0,0.0,US,clear sky,2022-02-06 04:55:26
474,Sochi,43.6,39.7303,35.69,77,100,12.46,RU,light snow,2022-02-06 04:55:27
475,Payson,40.0444,-111.7321,34.41,66,0,5.75,US,clear sky,2022-02-06 04:55:27
476,Tilichiki,60.4667,166.1,-6.52,79,2,8.52,RU,clear sky,2022-02-06 04:55:27
477,Marfino,55.7028,37.3822,15.94,92,75,6.71,RU,mist,2022-02-06 04:55:28
478,Iralaya,15.0,-83.2333,76.21,80,2,8.63,HN,clear sky,2022-02-06 04:55:28
479,Salinopolis,-0.6136,-47.3561,77.92,87,100,8.79,BR,overcast clouds,2022-02-06 04:55:28
480,Zambezi,-13.5432,23.1047,64.09,96,100,3.0,ZM,light rain,2022-02-06 04:55:29
481,Iaciara,-14.0958,-46.6317,69.03,96,99,1.72,BR,overcast clouds,2022-02-06 04:55:29
482,Oktyabrskoye,43.0645,44.7417,14.14,86,6,6.71,RU,clear sky,2022-02-06 04:55:30
483,Urumqi,43.801,87.6005,5.95,78,7,2.24,CN,mist,2022-02-06 04:54:02
484,Salinas,36.6777,-121.6555,54.7,62,0,0.0,US,clear sky,2022-02-06 04:50:45
485,Sioux Lookout,50.1001,-91.917,7.18,85,100,3.44,CA,overcast clouds,2022-02-06 04:55:31
486,Bambous Virieux,-20.3428,57.7575,82.22,83,75,13.8,MU,broken clouds,2022-02-06 04:55:06
487,San Buenaventura,27.0833,-101.5333,43.14,35,50,3.91,MX,scattered clouds,2022-02-06 04:55:31
488,Progreso,21.2833,-89.6667,68.11,79,81,14.9,MX,broken clouds,2022-02-06 04:55:32
489,Norilsk,69.3535,88.2027,-17.01,100,97,1.5,RU,overcast clouds,2022-02-06 04:55:32
490,Yershov,51.3513,48.2766,21.69,97,100,6.87,RU,overcast clouds,2022-02-06 04:55:33
491,Bronnoysund,65.4625,12.1997,32.0,86,100,10.36,NO,overcast clouds,2022-02-06 04:55:34
492,Panaba,21.2833,-88.2667,68.29,93,65,5.99,MX,broken clouds,2022-02-06 04:56:34
493,Iskateley,67.6803,53.1512,3.43,91,100,11.9,RU,overcast clouds,2022-02-06 04:56:34
494,Bandarbeyla,9.4942,50.8122,76.89,67,7,9.28,SO,clear sky,2022-02-06 04:56:35
495,Vestmannaeyjar,63.4427,-20.2734,28.02,78,85,21.92,IS,overcast clouds,2022-02-06 04:56:35
496,Mahajanga,-15.7167,46.3167,84.22,79,40,12.66,MG,scattered clouds,2022-02-06 04:56:36
497,Ust-Ordynskiy,52.805,104.7508,22.84,79,100,4.29,RU,overcast clouds,2022-02-06 04:56:36
498,Nipawin,53.3668,-104.0009,-5.76,84,100,3.44,CA,overcast clouds,2022-02-06 04:56:36
499,Port Blair,11.6667,92.75,86.04,66,20,10.36,IN,few clouds,2022-02-06 04:56:37
500,Tibacuy,4.3511,-72.4564,81.9,51,90,3.69,CO,overcast clouds,2022-02-06 04:56:37
501,Tazovskiy,67.4667,78.7,-19.44,100,79,6.31,RU,broken clouds,2022-02-06 04:56:37
502,Byron Bay,-28.65,153.6167,79.05,64,89,20.4,AU,overcast clouds,2022-02-06 04:56:38
503,Vanavara,60.34,102.2797,15.51,89,98,9.55,RU,overcast clouds,2022-02-06 04:56:38
504,Mount Isa,-20.7333,139.5,92.97,27,40,5.75,AU,scattered clouds,2022-02-06 04:56:39
505,Abu Dhabi,24.4667,54.3667,66.96,64,0,1.99,AE,clear sky,2022-02-06 04:56:17
506,Hambantota,6.1241,81.1185,84.54,61,74,16.11,LK,broken clouds,2022-02-06 04:56:39
507,Carora,10.1755,-70.0827,72.18,72,68,8.03,VE,broken clouds,2022-02-06 04:56:40
508,Botwood,49.1499,-55.3482,20.68,93,100,17.72,CA,snow,2022-02-06 04:56:40
509,Farah,32.5,62.5,49.95,54,67,4.56,AF,broken clouds,2022-02-06 04:56:41
510,Nandu,22.8525,110.8233,63.34,60,96,3.02,CN,light rain,2022-02-06 04:56:41
511,Xihua,33.7833,114.5167,42.17,22,100,7.02,CN,overcast clouds,2022-02-06 04:56:42
512,Sao Jose Da Coroa Grande,-8.8978,-35.1478,77.32,76,85,6.15,BR,overcast clouds,2022-02-06 04:56:42
513,Moindou,-21.6924,165.677,85.95,76,84,8.57,NC,heavy intensity rain,2022-02-06 04:56:43
514,Dunedin,-45.8742,170.5036,57.79,61,70,8.01,NZ,broken clouds,2022-02-06 04:56:43
515,Banyo,6.75,11.8167,61.39,27,0,2.21,CM,clear sky,2022-02-06 04:56:44
516,Seoul,37.5683,126.9778,36.91,31,40,11.5,KR,scattered clouds,2022-02-06 04:52:52
517,Nago,26.5881,127.9761,62.76,61,94,11.36,JP,overcast clouds,2022-02-06 04:56:44
518,Kloulklubed,7.0419,134.2556,84.7,79,42,20.89,PW,scattered clouds,2022-02-06 04:56:45
519,Mogadishu,2.0371,45.3438,78.67,78,40,13.8,SO,scattered clouds,2022-02-06 04:56:45
520,Port Macquarie,-31.4333,152.9167,70.9,58,73,16.55,AU,broken clouds,2022-02-06 04:55:26
521,Ugoofaaru,5.6667,73.0,81.19,65,96,7.16,MV,overcast clouds,2022-02-06 04:56:46
522,Rocha,-34.4833,-54.3333,63.46,86,84,8.9,UY,broken clouds,2022-02-06 04:56:46
523,Cerritos,33.8583,-118.0648,63.46,50,0,0.0,US,clear sky,2022-02-06 04:56:47
524,Awbari,26.5921,12.7805,48.61,36,43,8.95,LY,scattered clouds,2022-02-06 04:53:37
525,Comodoro Rivadavia,-45.8667,-67.5,64.26,52,0,2.3,AR,clear sky,2022-02-06 04:56:47
526,Sabha,27.0377,14.4283,49.37,35,9,9.15,LY,clear sky,2022-02-06 04:56:48
527,Avera,33.194,-82.5271,40.51,43,18,10.02,US,few clouds,2022-02-06 04:56:48
528,Sault Sainte Marie,46.5168,-84.3333,19.69,82,100,12.66,CA,overcast clouds,2022-02-06 04:56:48
529,Yantal,56.8471,105.2542,20.32,88,100,11.03,RU,overcast clouds,2022-02-06 04:56:49
530,Bara,10.3744,10.7288,59.76,29,0,7.11,NG,clear sky,2022-02-06 04:56:49
531,Paso De Los Toros,-32.8167,-56.5167,60.44,89,1,10.16,UY,clear sky,2022-02-06 04:56:50
532,Praia Da Vitoria,38.7333,-27.0667,57.45,94,40,15.57,PT,scattered clouds,2022-02-06 04:56:50
533,Coahuayana,18.7333,-103.6833,67.5,87,5,3.06,MX,clear sky,2022-02-06 04:53:45
534,Tokonou,9.65,-9.7833,66.47,20,55,2.21,GN,broken clouds,2022-02-06 04:56:51
535,Kalmunai,7.4167,81.8167,81.52,58,99,8.68,LK,overcast clouds,2022-02-06 04:56:51
536,Ustka,54.5805,16.8619,36.77,96,100,26.31,PL,light rain,2022-02-06 04:57:51
537,Hofn,64.2539,-15.2082,32.65,67,100,20.94,IS,snow,2022-02-06 04:57:52
538,Emerald,-23.5333,148.1667,89.74,27,40,11.5,AU,scattered clouds,2022-02-06 04:57:52
539,Port Keats,-14.25,129.55,84.36,61,100,7.07,AU,light rain,2022-02-06 04:53:44
540,Mayo,38.8876,-76.5119,27.3,61,0,4.0,US,clear sky,2022-02-06 04:57:53
541,Penha,-26.7694,-48.6458,77.16,93,100,4.07,BR,overcast clouds,2022-02-06 04:57:53
542,Port Lincoln,-34.7333,135.8667,79.38,43,6,18.01,AU,clear sky,2022-02-06 04:57:54
543,Inhambane,-23.865,35.3833,78.26,80,56,17.6,MZ,light rain,2022-02-06 04:57:54
544,Kampot,10.6167,104.1833,87.85,46,33,7.92,KH,scattered clouds,2022-02-06 04:57:54
545,Nyakahanga,-1.6033,31.1414,58.28,88,100,2.73,TZ,overcast clouds,2022-02-06 04:57:55
546,Fairbanks,64.8378,-147.7164,8.82,82,100,0.0,US,mist,2022-02-06 04:57:55
547,Candelaria,13.9311,121.4233,82.38,59,81,12.57,PH,broken clouds,2022-02-06 04:57:56
548,Nome,64.5011,-165.4064,-16.4,91,4,8.1,US,clear sky,2022-02-06 04:57:56
549,Kadi,23.3,72.3333,69.66,24,0,4.36,IN,clear sky,2022-02-06 04:57:57
550,Mahon,39.8885,4.2658,50.56,76,100,11.5,ES,overcast clouds,2022-02-06 04:57:57
